[
    {
        "id": 1,
        "title": "Historical Tour",
        "description": "Explore the historical landmarks of Agadir.",
        "destinations": [
            {
                "name": "Kasbah of Agadir",
                "description": "A historical fortress with stunning views.",
                "image": "kasbah.jpg",
                "map_link": "https://goo.gl/maps/abcd1"
            },
            {
                "name": "Museum of Amazigh Culture",
                "description": "A museum showcasing the heritage of the Amazigh people.",
                "image": "museum.jpg",
                "map_link": "https://goo.gl/maps/abcd2"
            }
        ]
    },
    {
        "id": 2,
        "title": "Beach and Nature",
        "description": "Relax and enjoy the natural beauty of Agadir.",
        "destinations": [
            {
                "name": "Agadir Beach",
                "description": "A beautiful sandy beach with plenty of activities.",
                "image": "beach.jpg",
                "map_link": "https://goo.gl/maps/abcd3"
            },
            {
                "name": "Crocoparc",
                "description": "A unique park featuring crocodiles and lush gardens.",
                "image": "crocoparc.jpg",
                "map_link": "https://goo.gl/maps/abcd4"
            }
        ]
    }
]
